requete	soya-paris.com present	domaines relevés (ordre de l'outil WebSearch, 26/09/2026, ~10:40-10:55 UTC, outil "US-only", pas Google.fr)
oreiller ergonomique	non	conforama.fr ; wopilo.com ; ikea.com/ma ; fr.tempur.com ; amazon.fr (Ehomfory) ; dodo.fr ; youtube.com ; ergosia.fr ; data.epo.org
oreiller cervical	non	conforama.fr ; bultex.fr ; tediber.com (blog) ; wopilo.com ; lamaisondeloreiller.com (x2) ; dodo.fr ; zenpursleep.com ; wikipedia
oreiller mémoire de forme	non	tediber.com (blog) ; ikea.com/fr ; andre-renault.com ; lingedesfamilles.fr ; lamaisondeloreiller.com ; lacompagniedublanc.com ; monoreilleretmoi.com ; sampur.com ; drouault.net
meilleur oreiller douleur cervicale	non	bultex.fr ; emma.fr ; tediber.com ; arthrose-cervicale.fr ; meilleurs.fr ; wikipedia x4
oreiller ergonomique avis	non	charles.co ; presse-citron.net ; ikea.com/fr ; lemondedusommeil.fr ; forum.quechoisir.org ; tousergo.com ; ikea.com/fr ; lamaisondeloreiller.com ; data.epo.org
oreiller orthopédique	non	tediber.com ; bonsoirs.com ; linenchest.com ; wopilo.com (x2) ; maison-orthopedique.fr ; ma-boutique-ergonomique.com ; villeneuveorthopedique.com ; equipementsmcl.com
oreiller deux hauteurs mémoire de forme	non	leroymerlin.fr ; castorama.fr ; kidsliterie.com ; sleeps.fr ; ergosia.fr ; ergosia.eu ; lamaisondeloreiller.com ; zenpursleep.com (x2)
soya paris avis	non (le domaine lui-même n'apparaît pas)	fr-be.trustpilot.com ; trustpilot.com ; warning-trading.com ; hadlemans.fr ; les-avis-clients.com ; signal-arnaques.com ; glowupbyparis.com (boutique concurrente) ; franceverif.fr ; glowchicparis.com (boutique concurrente)
oreiller cervical avis	non	tediber.com ; meilleur-oreillercervical.fr ; vglass.fr ; bultex.fr ; oreillers-ergonomiques.com ; matelas-experience.com ; meilleurs.fr ; inphysio.fr ; wikipedia
meilleur oreiller ergonomique 2026	non	lessentieldeleco.fr ; sleeps.fr ; eifs.fr ; matelas-expert.fr ; bienetreetconfort.com ; roussette.net ; oreillers-ergonomiques.com ; techradar x2
oreiller papillon cervical	non	sleepdoctor.fr ; loreillerergonomique.fr ; dodo.fr (blog) ; mareco.fr ; ortoprime.fr ; queralto.com ; laboutiquedelasante.com ; inphysio.fr ; cellsius-shop.com
oreiller anti douleur cou nuque	non	wopilo.com (guide) ; sleeplife.be x2 ; emma.fr ; kingsizeliterie.com ; monoreilleretmoi.com ; cellsius-shop.com x2 ; wikipedia
oreiller pour dormir sur le côté douleur épaule	non	sakraworldhospital.com ; husbandpillow.com x3 ; monoreilleretmoi.com x2 ; inphysio.fr x2 ; cellsius-shop.com
oreiller recommandé par les ostéopathes	non	tediber.com ; wopilo.com ; oosteo.com x2 ; reflexosteo.com ; monoreilleretmoi.com ; osteopathes.paris ; osteodispo.fr ; celyatis.com ; osteopathe.me
soya paris oreiller	partiel : us.soya-paris.com (3 URL)	soya-paris-oreiller-ergonomique.com (autre copie) ; soyaparisoreillerergonomique.com (x2, boutique miroir) ; fr.accio.com ; us.soya-paris.com x3 ; glowupbyparis.com ; glowchicparis.com
oreiller nuage ergonomique cervical	non	emma.fr ; cdiscount.com ; nuageconfortshop.fr ; votrepetitnuage.fr ; lamaisondeloreiller.com ; nuage-bleu.com x3 ; ma-boutique-ergonomique.com
soya paris arnaque	non	signal-arnaques.com x4 ; fr.trustpilot.com ; warning-trading.com ; scamsandbox.com ; trustpilot.com ; franceverif.fr
oreiller ergonomique pas cher	non	conforama.fr ; auchan.fr ; achatmoinscher.com ; cdiscount.com x2 ; wopilo.com ; bienetreetconfort.com ; dodo.fr ; roussette.net
quel oreiller pour torticolis	non	wopilo.com (guide) ; litex.fr ; merinos.fr ; pro-physio.fr ; lelit.fr ; monoreilleretmoi.com ; programmes-municipales.fr ; monlitparfait.com ; wikipedia
oreiller soya 3.0 avis	partiel : us.soya-paris.com	cdiscount.com (vendeur tiers "Oreiller SOYA 3.0") ; warning-trading.com ; ionomat.com (test 4/10) ; cabinetkinecaenlaprairie.fr ; josephineco.co ; us.soya-paris.com ; soyaparisoreillerergonomique.com ; soyaconfort.com ("Soya Confort 2") ; glowchicparis.com
meilleur oreiller	non	bultex.fr ; presse-citron.net ; tediber.com ; sleeps.fr ; ikea.com ; lamaisondeloreiller.com ; techradar ; 1stdibs x2
oreiller pour cervicales	non	bultex.fr ; tediber.com ; conforama.fr ; cdiscount.com ; vyv-equipement-medical.fr ; lamaisondeloreiller.com ; wikipedia x3
oreiller ergonomique mémoire de forme cervical	non	conforama.fr ; wopilo.com ; arche-de-neo.com ; lamaisondeloreiller.com x2 ; drouault.net ; loreillerparfait.com ; zenpursleep.com x2
