henf_00_KIDS_P_1_2.png	https://cdn.shopify.com/s/files/1/0935/5054/3180/files/KIDS_P_1_2.png?v=1778345080&width=600	https://cdn.shopify.com/s/files/1/0935/5054/3180/files/KIDS_P_1_2.png?v=1778345080
henf_01_KIDS_P_1_4.png	https://cdn.shopify.com/s/files/1/0935/5054/3180/files/KIDS_P_1_4.png?v=1778345079&width=600	https://cdn.shopify.com/s/files/1/0935/5054/3180/files/KIDS_P_1_4.png?v=1778345079
henf_02_KIDS_P_1_3.png	https://cdn.shopify.com/s/files/1/0935/5054/3180/files/KIDS_P_1_3.png?v=1778345080&width=600	https://cdn.shopify.com/s/files/1/0935/5054/3180/files/KIDS_P_1_3.png?v=1778345080
henf_03_KIDSP1_1.png	https://cdn.shopify.com/s/files/1/0935/5054/3180/files/KIDSP1_1.png?v=1778344665&width=600	https://cdn.shopify.com/s/files/1/0935/5054/3180/files/KIDSP1_1.png?v=1778344665
henf_04_KIDS_PINK_7.png	https://cdn.shopify.com/s/files/1/0935/5054/3180/files/KIDS_PINK_7.png?v=1778344698&width=600	https://cdn.shopify.com/s/files/1/0935/5054/3180/files/KIDS_PINK_7.png?v=1778344698
henf_05_KIDS_YELLOW_2.png	https://cdn.shopify.com/s/files/1/0935/5054/3180/files/KIDS_YELLOW_2.png?v=1778344714&width=600	https://cdn.shopify.com/s/files/1/0935/5054/3180/files/KIDS_YELLOW_2.png?v=1778344714
enf_00_KIDSP2.jpg	https://cdn.shopify.com/s/files/1/0935/5054/3180/files/KIDSP2.jpg?v=1778344667&width=600	https://cdn.shopify.com/s/files/1/0935/5054/3180/files/KIDSP2.jpg?v=1778344667
enf_01_KIDSP1_4.jpg	https://cdn.shopify.com/s/files/1/0935/5054/3180/files/KIDSP1_4.jpg?v=1778344666&width=600	https://cdn.shopify.com/s/files/1/0935/5054/3180/files/KIDSP1_4.jpg?v=1778344666
enf_02_KIDSP1_6.png	https://cdn.shopify.com/s/files/1/0935/5054/3180/files/KIDSP1_6.png?v=1778344665&width=600	https://cdn.shopify.com/s/files/1/0935/5054/3180/files/KIDSP1_6.png?v=1778344665
enf_03_KIDSP1_5.png	https://cdn.shopify.com/s/files/1/0935/5054/3180/files/KIDSP1_5.png?v=1778344667&width=600	https://cdn.shopify.com/s/files/1/0935/5054/3180/files/KIDSP1_5.png?v=1778344667
enf_04_KIDSP1_1.png	https://cdn.shopify.com/s/files/1/0935/5054/3180/files/KIDSP1_1.png?v=1778344665&width=600	https://cdn.shopify.com/s/files/1/0935/5054/3180/files/KIDSP1_1.png?v=1778344665
enf_05_KIDSP1_3.jpg	https://cdn.shopify.com/s/files/1/0935/5054/3180/files/KIDSP1_3.jpg?v=1778344665&width=600	https://cdn.shopify.com/s/files/1/0935/5054/3180/files/KIDSP1_3.jpg?v=1778344665
enf_06_KIDSP1_1.jpg	https://cdn.shopify.com/s/files/1/0935/5054/3180/files/KIDSP1_1.jpg?v=1778344666&width=600	https://cdn.shopify.com/s/files/1/0935/5054/3180/files/KIDSP1_1.jpg?v=1778344666
enf_07_KIDS_PINK_6.jpg	https://cdn.shopify.com/s/files/1/0935/5054/3180/files/KIDS_PINK_6.jpg?v=1778344705&width=600	https://cdn.shopify.com/s/files/1/0935/5054/3180/files/KIDS_PINK_6.jpg?v=1778344705
enf_08_KIDS_PINK_4.png	https://cdn.shopify.com/s/files/1/0935/5054/3180/files/KIDS_PINK_4.png?v=1778344697&width=600	https://cdn.shopify.com/s/files/1/0935/5054/3180/files/KIDS_PINK_4.png?v=1778344697
enf_09_KIDS_PINK_2.png	https://cdn.shopify.com/s/files/1/0935/5054/3180/files/KIDS_PINK_2.png?v=1778344696&width=600	https://cdn.shopify.com/s/files/1/0935/5054/3180/files/KIDS_PINK_2.png?v=1778344696
enf_10_KIDS_PINK_1.png	https://cdn.shopify.com/s/files/1/0935/5054/3180/files/KIDS_PINK_1.png?v=1778344695&width=600	https://cdn.shopify.com/s/files/1/0935/5054/3180/files/KIDS_PINK_1.png?v=1778344695
enf_11_KIDS_PINK_7.png	https://cdn.shopify.com/s/files/1/0935/5054/3180/files/KIDS_PINK_7.png?v=1778344698&width=600	https://cdn.shopify.com/s/files/1/0935/5054/3180/files/KIDS_PINK_7.png?v=1778344698
enf_12_KIDS_PINK_5.png	https://cdn.shopify.com/s/files/1/0935/5054/3180/files/KIDS_PINK_5.png?v=1778344699&width=600	https://cdn.shopify.com/s/files/1/0935/5054/3180/files/KIDS_PINK_5.png?v=1778344699
enf_13_KIDS_PINK_3.png	https://cdn.shopify.com/s/files/1/0935/5054/3180/files/KIDS_PINK_3.png?v=1778344699&width=600	https://cdn.shopify.com/s/files/1/0935/5054/3180/files/KIDS_PINK_3.png?v=1778344699
enf_14_KIDS_YELLOW_6.jpg	https://cdn.shopify.com/s/files/1/0935/5054/3180/files/KIDS_YELLOW_6.jpg?v=1778344724&width=600	https://cdn.shopify.com/s/files/1/0935/5054/3180/files/KIDS_YELLOW_6.jpg?v=1778344724
enf_15_KIDS_YELLOW_4.png	https://cdn.shopify.com/s/files/1/0935/5054/3180/files/KIDS_YELLOW_4.png?v=1778344712&width=600	https://cdn.shopify.com/s/files/1/0935/5054/3180/files/KIDS_YELLOW_4.png?v=1778344712
enf_16_KIDS_YELLOW_7.png	https://cdn.shopify.com/s/files/1/0935/5054/3180/files/KIDS_YELLOW_7.png?v=1778344714&width=600	https://cdn.shopify.com/s/files/1/0935/5054/3180/files/KIDS_YELLOW_7.png?v=1778344714
enf_17_KIDS_YELLOW_1.png	https://cdn.shopify.com/s/files/1/0935/5054/3180/files/KIDS_YELLOW_1.png?v=1778344714&width=600	https://cdn.shopify.com/s/files/1/0935/5054/3180/files/KIDS_YELLOW_1.png?v=1778344714
enf_18_KIDS_YELLOW_2.png	https://cdn.shopify.com/s/files/1/0935/5054/3180/files/KIDS_YELLOW_2.png?v=1778344714&width=600	https://cdn.shopify.com/s/files/1/0935/5054/3180/files/KIDS_YELLOW_2.png?v=1778344714
enf_19_KIDS_YELLOW_3.png	https://cdn.shopify.com/s/files/1/0935/5054/3180/files/KIDS_YELLOW_3.png?v=1778344716&width=600	https://cdn.shopify.com/s/files/1/0935/5054/3180/files/KIDS_YELLOW_3.png?v=1778344716
enf_20_KIDS_YELLOW_5.png	https://cdn.shopify.com/s/files/1/0935/5054/3180/files/KIDS_YELLOW_5.png?v=1778344721&width=600	https://cdn.shopify.com/s/files/1/0935/5054/3180/files/KIDS_YELLOW_5.png?v=1778344721
voy_00_9-Oreiller-de-Voyage-Ergonomique-Soyacouverture_HD.webp	https://cdn.shopify.com/s/files/1/0935/5054/3180/files/9-Oreiller-de-Voyage-Ergonomique-Soyacouverture_HD.webp?v=1760885543&width=600	https://cdn.shopify.com/s/files/1/0935/5054/3180/files/9-Oreiller-de-Voyage-Ergonomique-Soyacouverture_HD.webp?v=1760885543
voy_01_9-Oreiller-de-Voyage-Ergonomique-Soya_img2.webp	https://cdn.shopify.com/s/files/1/0935/5054/3180/files/9-Oreiller-de-Voyage-Ergonomique-Soya_img2.webp?v=1760885543&width=600	https://cdn.shopify.com/s/files/1/0935/5054/3180/files/9-Oreiller-de-Voyage-Ergonomique-Soya_img2.webp?v=1760885543
voy_02_9-Oreiller-de-Voyage-Ergonomique-Soya_img3.webp	https://cdn.shopify.com/s/files/1/0935/5054/3180/files/9-Oreiller-de-Voyage-Ergonomique-Soya_img3.webp?v=1760885543&width=600	https://cdn.shopify.com/s/files/1/0935/5054/3180/files/9-Oreiller-de-Voyage-Ergonomique-Soya_img3.webp?v=1760885543
voy_03_9-Oreiller-de-Voyage-Ergonomique-Soya_img4.webp	https://cdn.shopify.com/s/files/1/0935/5054/3180/files/9-Oreiller-de-Voyage-Ergonomique-Soya_img4.webp?v=1760885543&width=600	https://cdn.shopify.com/s/files/1/0935/5054/3180/files/9-Oreiller-de-Voyage-Ergonomique-Soya_img4.webp?v=1760885543
voy_04_9-Oreiller-de-Voyage-Ergonomique-Soya_img5.webp	https://cdn.shopify.com/s/files/1/0935/5054/3180/files/9-Oreiller-de-Voyage-Ergonomique-Soya_img5.webp?v=1760885543&width=600	https://cdn.shopify.com/s/files/1/0935/5054/3180/files/9-Oreiller-de-Voyage-Ergonomique-Soya_img5.webp?v=1760885543
voy_05_9-Oreiller-de-Voyage-Ergonomique-Soya_img6.webp	https://cdn.shopify.com/s/files/1/0935/5054/3180/files/9-Oreiller-de-Voyage-Ergonomique-Soya_img6.webp?v=1760885543&width=600	https://cdn.shopify.com/s/files/1/0935/5054/3180/files/9-Oreiller-de-Voyage-Ergonomique-Soya_img6.webp?v=1760885543
voy_06_9-Oreiller-de-Voyage-Ergonomique-Soya_img7.webp	https://cdn.shopify.com/s/files/1/0935/5054/3180/files/9-Oreiller-de-Voyage-Ergonomique-Soya_img7.webp?v=1760885543&width=600	https://cdn.shopify.com/s/files/1/0935/5054/3180/files/9-Oreiller-de-Voyage-Ergonomique-Soya_img7.webp?v=1760885543
v2_00_1-oreiller-soya-2_0HD.webp	https://cdn.shopify.com/s/files/1/0935/5054/3180/files/1-oreiller-soya-2_0HD.webp?v=1771634981&width=600	https://cdn.shopify.com/s/files/1/0935/5054/3180/files/1-oreiller-soya-2_0HD.webp?v=1771634981
v2_01_1-oreiller-soya-2_0_img2_7d72b6af-35c7-4427-8f15-843f227d977	https://cdn.shopify.com/s/files/1/0935/5054/3180/files/1-oreiller-soya-2_0_img2_7d72b6af-35c7-4427-8f15-843f227d977b.webp?v=1771634981&width=600	https://cdn.shopify.com/s/files/1/0935/5054/3180/files/1-oreiller-soya-2_0_img2_7d72b6af-35c7-4427-8f15-843f227d977b.webp?v=1771634981
v2_02_1-oreiller-soya-2_0_img3_5f834f33-5e47-49e1-a6a1-34e17f3341b	https://cdn.shopify.com/s/files/1/0935/5054/3180/files/1-oreiller-soya-2_0_img3_5f834f33-5e47-49e1-a6a1-34e17f3341b1.webp?v=1771634981&width=600	https://cdn.shopify.com/s/files/1/0935/5054/3180/files/1-oreiller-soya-2_0_img3_5f834f33-5e47-49e1-a6a1-34e17f3341b1.webp?v=1771634981
v2_03_1-oreiller-soya-2_0_img4_39d31902-82e0-42b3-a8cb-6b71e2ebfe7	https://cdn.shopify.com/s/files/1/0935/5054/3180/files/1-oreiller-soya-2_0_img4_39d31902-82e0-42b3-a8cb-6b71e2ebfe7a.webp?v=1771634981&width=600	https://cdn.shopify.com/s/files/1/0935/5054/3180/files/1-oreiller-soya-2_0_img4_39d31902-82e0-42b3-a8cb-6b71e2ebfe7a.webp?v=1771634981
v2_04_1-oreiller-soya-2_0_img5_a8a3199e-0071-4043-a899-f89baff5294	https://cdn.shopify.com/s/files/1/0935/5054/3180/files/1-oreiller-soya-2_0_img5_a8a3199e-0071-4043-a899-f89baff52945.webp?v=1771634981&width=600	https://cdn.shopify.com/s/files/1/0935/5054/3180/files/1-oreiller-soya-2_0_img5_a8a3199e-0071-4043-a899-f89baff52945.webp?v=1771634981
v2_05_Oreiller_position_4.png	https://cdn.shopify.com/s/files/1/0935/5054/3180/files/Oreiller_position_4.png?v=1771634981&width=600	https://cdn.shopify.com/s/files/1/0935/5054/3180/files/Oreiller_position_4.png?v=1771634981
v2_06_1-oreiller-soya-2_0_img6_9601dd3b-66d6-4311-b41e-5fd7712bdc1	https://cdn.shopify.com/s/files/1/0935/5054/3180/files/1-oreiller-soya-2_0_img6_9601dd3b-66d6-4311-b41e-5fd7712bdc15.webp?v=1771634981&width=600	https://cdn.shopify.com/s/files/1/0935/5054/3180/files/1-oreiller-soya-2_0_img6_9601dd3b-66d6-4311-b41e-5fd7712bdc15.webp?v=1771634981
v2_07_1-oreiller-soya-2_0_img7_43909438-1603-4e59-add4-f987f4acd78	https://cdn.shopify.com/s/files/1/0935/5054/3180/files/1-oreiller-soya-2_0_img7_43909438-1603-4e59-add4-f987f4acd789.webp?v=1771634981&width=600	https://cdn.shopify.com/s/files/1/0935/5054/3180/files/1-oreiller-soya-2_0_img7_43909438-1603-4e59-add4-f987f4acd789.webp?v=1771634981
v2_08_11_bf88b3df-377c-4ddb-b78a-cc7a164e7755.png	https://cdn.shopify.com/s/files/1/0935/5054/3180/files/11_bf88b3df-377c-4ddb-b78a-cc7a164e7755.png?v=1771634981&width=600	https://cdn.shopify.com/s/files/1/0935/5054/3180/files/11_bf88b3df-377c-4ddb-b78a-cc7a164e7755.png?v=1771634981
v3_00_18.png	https://cdn.shopify.com/s/files/1/0935/5054/3180/files/18.png?v=1771635093&width=600	https://cdn.shopify.com/s/files/1/0935/5054/3180/files/18.png?v=1771635093
v3_12_2_782a3829-4b96-451b-93e4-630d8f06e705.png	https://cdn.shopify.com/s/files/1/0935/5054/3180/files/2_782a3829-4b96-451b-93e4-630d8f06e705.png?v=1771635055&width=600	https://cdn.shopify.com/s/files/1/0935/5054/3180/files/2_782a3829-4b96-451b-93e4-630d8f06e705.png?v=1771635055
v3_24_SOYA_3.0_Grey-2.jpg	https://cdn.shopify.com/s/files/1/0935/5054/3180/files/SOYA_3.0_Grey-2.jpg?v=1772317993&width=600	https://cdn.shopify.com/s/files/1/0935/5054/3180/files/SOYA_3.0_Grey-2.jpg?v=1772317993
v3_25_Soya_3.0_grey_2_2e59cacb-6ebc-4f36-8a81-44478c9d4589.png	https://cdn.shopify.com/s/files/1/0935/5054/3180/files/Soya_3.0_grey_2_2e59cacb-6ebc-4f36-8a81-44478c9d4589.png?v=1772317993&width=600	https://cdn.shopify.com/s/files/1/0935/5054/3180/files/Soya_3.0_grey_2_2e59cacb-6ebc-4f36-8a81-44478c9d4589.png?v=1772317993
v3_27_Firefly_Gemini_Flash_Generate_the_same_image_exactly_as_the_	https://cdn.shopify.com/s/files/1/0935/5054/3180/files/Firefly_Gemini_Flash_Generate_the_same_image_exactly_as_the_reference._Keep_all_text_icons_layout_compo_480153_5.png?v=1772317993&width=600	https://cdn.shopify.com/s/files/1/0935/5054/3180/files/Firefly_Gemini_Flash_Generate_the_same_image_exactly_as_the_reference._Keep_all_text_icons_layout_compo_480153_5.png?v=1772317993
v3_28_Soya_3.0_Grey_2_47c0e3de-4c91-48dd-960e-4a36d6b20353.png	https://cdn.shopify.com/s/files/1/0935/5054/3180/files/Soya_3.0_Grey_2_47c0e3de-4c91-48dd-960e-4a36d6b20353.png?v=1772317993&width=600	https://cdn.shopify.com/s/files/1/0935/5054/3180/files/Soya_3.0_Grey_2_47c0e3de-4c91-48dd-960e-4a36d6b20353.png?v=1772317993
v3_29_7687678_2_0409bb9a-6b40-434d-807f-98da5554945a.png	https://cdn.shopify.com/s/files/1/0935/5054/3180/files/7687678_2_0409bb9a-6b40-434d-807f-98da5554945a.png?v=1772317993&width=600	https://cdn.shopify.com/s/files/1/0935/5054/3180/files/7687678_2_0409bb9a-6b40-434d-807f-98da5554945a.png?v=1772317993
v3_30_IMG_9178.png	https://cdn.shopify.com/s/files/1/0935/5054/3180/files/IMG_9178.png?v=1772330005&width=600	https://cdn.shopify.com/s/files/1/0935/5054/3180/files/IMG_9178.png?v=1772330005
v3_31_Firefly_Gemini_Flash_Generate_the_same_image_exactly_as_the_	https://cdn.shopify.com/s/files/1/0935/5054/3180/files/Firefly_Gemini_Flash_Generate_the_same_image_exactly_as_the_reference._Keep_all_text_icons_layout_compo_480153_3.png?v=1772330005&width=600	https://cdn.shopify.com/s/files/1/0935/5054/3180/files/Firefly_Gemini_Flash_Generate_the_same_image_exactly_as_the_reference._Keep_all_text_icons_layout_compo_480153_3.png?v=1772330005
v3_32_Soya_3.0_Grey_1.png	https://cdn.shopify.com/s/files/1/0935/5054/3180/files/Soya_3.0_Grey_1.png?v=1772330005&width=600	https://cdn.shopify.com/s/files/1/0935/5054/3180/files/Soya_3.0_Grey_1.png?v=1772330005
v3_33_Soya_3.0_Grey_4.png	https://cdn.shopify.com/s/files/1/0935/5054/3180/files/Soya_3.0_Grey_4.png?v=1772330005&width=600	https://cdn.shopify.com/s/files/1/0935/5054/3180/files/Soya_3.0_Grey_4.png?v=1772330005
v3_34_Soya_3.0_Grey.png	https://cdn.shopify.com/s/files/1/0935/5054/3180/files/Soya_3.0_Grey.png?v=1787089923&width=600	https://cdn.shopify.com/s/files/1/0935/5054/3180/files/Soya_3.0_Grey.png?v=1787089923
v3_35_SOYA_3.0_Grey_1.jpg	https://cdn.shopify.com/s/files/1/0935/5054/3180/files/SOYA_3.0_Grey_1.jpg?v=1772330005&width=600	https://cdn.shopify.com/s/files/1/0935/5054/3180/files/SOYA_3.0_Grey_1.jpg?v=1772330005
v3_36_34.png	https://cdn.shopify.com/s/files/1/0935/5054/3180/files/34.png?v=1771635093&width=600	https://cdn.shopify.com/s/files/1/0935/5054/3180/files/34.png?v=1771635093
v3_42_41.1.png	https://cdn.shopify.com/s/files/1/0935/5054/3180/files/41.1.png?v=1771635055&width=600	https://cdn.shopify.com/s/files/1/0935/5054/3180/files/41.1.png?v=1771635055
h3_00_13_c9363db8-d780-4903-9a97-df55d0478686.png	https://cdn.shopify.com/s/files/1/0935/5054/3180/files/13_c9363db8-d780-4903-9a97-df55d0478686.png?v=1764704376&width=600	https://cdn.shopify.com/s/files/1/0935/5054/3180/files/13_c9363db8-d780-4903-9a97-df55d0478686.png?v=1764704376
h3_04_14_feded688-a4ff-4333-8fba-e9a2e53c877a.png	https://cdn.shopify.com/s/files/1/0935/5054/3180/files/14_feded688-a4ff-4333-8fba-e9a2e53c877a.png?v=1764704435&width=600	https://cdn.shopify.com/s/files/1/0935/5054/3180/files/14_feded688-a4ff-4333-8fba-e9a2e53c877a.png?v=1764704435
h3_08_15_eb23f129-89f3-4ffc-be96-9e67ce1c745f.png	https://cdn.shopify.com/s/files/1/0935/5054/3180/files/15_eb23f129-89f3-4ffc-be96-9e67ce1c745f.png?v=1764704435&width=600	https://cdn.shopify.com/s/files/1/0935/5054/3180/files/15_eb23f129-89f3-4ffc-be96-9e67ce1c745f.png?v=1764704435
h3_12_7687678_3.png	https://cdn.shopify.com/s/files/1/0935/5054/3180/files/7687678_3.png?v=1772317798&width=600	https://cdn.shopify.com/s/files/1/0935/5054/3180/files/7687678_3.png?v=1772317798
h3_13_Soya_3.0_Grey_2.png	https://cdn.shopify.com/s/files/1/0935/5054/3180/files/Soya_3.0_Grey_2.png?v=1772317798&width=600	https://cdn.shopify.com/s/files/1/0935/5054/3180/files/Soya_3.0_Grey_2.png?v=1772317798
h3_14_7687678_2.png	https://cdn.shopify.com/s/files/1/0935/5054/3180/files/7687678_2.png?v=1772317798&width=600	https://cdn.shopify.com/s/files/1/0935/5054/3180/files/7687678_2.png?v=1772317798
h3_15_7687678_1.png	https://cdn.shopify.com/s/files/1/0935/5054/3180/files/7687678_1.png?v=1772317798&width=600	https://cdn.shopify.com/s/files/1/0935/5054/3180/files/7687678_1.png?v=1772317798
v1_00_8-Oreiller_Soya_1.0_couverture_HD.webp	https://cdn.shopify.com/s/files/1/0935/5054/3180/files/8-Oreiller_Soya_1.0_couverture_HD.webp?v=1760852778&width=600	https://cdn.shopify.com/s/files/1/0935/5054/3180/files/8-Oreiller_Soya_1.0_couverture_HD.webp?v=1760852778
v1_01_8-Oreiller_Soya_1.0_img2.webp	https://cdn.shopify.com/s/files/1/0935/5054/3180/files/8-Oreiller_Soya_1.0_img2.webp?v=1760852778&width=600	https://cdn.shopify.com/s/files/1/0935/5054/3180/files/8-Oreiller_Soya_1.0_img2.webp?v=1760852778
v1_02_8-Oreiller_Soya_1.0_img3.webp	https://cdn.shopify.com/s/files/1/0935/5054/3180/files/8-Oreiller_Soya_1.0_img3.webp?v=1760852776&width=600	https://cdn.shopify.com/s/files/1/0935/5054/3180/files/8-Oreiller_Soya_1.0_img3.webp?v=1760852776
v1_03_8-Oreiller_Soya_1.0_img4.webp	https://cdn.shopify.com/s/files/1/0935/5054/3180/files/8-Oreiller_Soya_1.0_img4.webp?v=1760852777&width=600	https://cdn.shopify.com/s/files/1/0935/5054/3180/files/8-Oreiller_Soya_1.0_img4.webp?v=1760852777
v1_04_8-Oreiller_Soya_1.0_img5.webp	https://cdn.shopify.com/s/files/1/0935/5054/3180/files/8-Oreiller_Soya_1.0_img5.webp?v=1760852777&width=600	https://cdn.shopify.com/s/files/1/0935/5054/3180/files/8-Oreiller_Soya_1.0_img5.webp?v=1760852777
h2_00_2-housse_Oreiller_de_Rechange_Soya_HD.webp	https://cdn.shopify.com/s/files/1/0935/5054/3180/files/2-housse_Oreiller_de_Rechange_Soya_HD.webp?v=1760852770&width=600	https://cdn.shopify.com/s/files/1/0935/5054/3180/files/2-housse_Oreiller_de_Rechange_Soya_HD.webp?v=1760852770
h2_01_2-housse_Oreiller_de_Rechange_Soya_img4.webp	https://cdn.shopify.com/s/files/1/0935/5054/3180/files/2-housse_Oreiller_de_Rechange_Soya_img4.webp?v=1760852771&width=600	https://cdn.shopify.com/s/files/1/0935/5054/3180/files/2-housse_Oreiller_de_Rechange_Soya_img4.webp?v=1760852771
h2_02_2-housse_Oreiller_de_Rechange_Soya_img3.webp	https://cdn.shopify.com/s/files/1/0935/5054/3180/files/2-housse_Oreiller_de_Rechange_Soya_img3.webp?v=1760852770&width=600	https://cdn.shopify.com/s/files/1/0935/5054/3180/files/2-housse_Oreiller_de_Rechange_Soya_img3.webp?v=1760852770
h2_03_2-housse_Oreiller_de_Rechange_Soya_img5.webp	https://cdn.shopify.com/s/files/1/0935/5054/3180/files/2-housse_Oreiller_de_Rechange_Soya_img5.webp?v=1760852771&width=600	https://cdn.shopify.com/s/files/1/0935/5054/3180/files/2-housse_Oreiller_de_Rechange_Soya_img5.webp?v=1760852771
regl_00_14-Ensemble_Oreillers_Reglables_couverture_HD.webp	https://cdn.shopify.com/s/files/1/0935/5054/3180/files/14-Ensemble_Oreillers_Reglables_couverture_HD.webp?v=1760852766&width=600	https://cdn.shopify.com/s/files/1/0935/5054/3180/files/14-Ensemble_Oreillers_Reglables_couverture_HD.webp?v=1760852766
regl_01_14-Ensemble_Oreillers_Reglables_img2.webp	https://cdn.shopify.com/s/files/1/0935/5054/3180/files/14-Ensemble_Oreillers_Reglables_img2.webp?v=1760852765&width=600	https://cdn.shopify.com/s/files/1/0935/5054/3180/files/14-Ensemble_Oreillers_Reglables_img2.webp?v=1760852765
regl_02_14-Ensemble_Oreillers_Reglables_img3.webp	https://cdn.shopify.com/s/files/1/0935/5054/3180/files/14-Ensemble_Oreillers_Reglables_img3.webp?v=1760852765&width=600	https://cdn.shopify.com/s/files/1/0935/5054/3180/files/14-Ensemble_Oreillers_Reglables_img3.webp?v=1760852765
lomb_00_4-Coussin_Lombaire_Ergonomique_Soya_couverture_HD.webp	https://cdn.shopify.com/s/files/1/0935/5054/3180/files/4-Coussin_Lombaire_Ergonomique_Soya_couverture_HD.webp?v=1760852760&width=600	https://cdn.shopify.com/s/files/1/0935/5054/3180/files/4-Coussin_Lombaire_Ergonomique_Soya_couverture_HD.webp?v=1760852760
lomb_01_4-Coussin_Lombaire_Ergonomique_Soya_img2.webp	https://cdn.shopify.com/s/files/1/0935/5054/3180/files/4-Coussin_Lombaire_Ergonomique_Soya_img2.webp?v=1760852761&width=600	https://cdn.shopify.com/s/files/1/0935/5054/3180/files/4-Coussin_Lombaire_Ergonomique_Soya_img2.webp?v=1760852761
lomb_02_4-Coussin_Lombaire_Ergonomique_Soya_img3.webp	https://cdn.shopify.com/s/files/1/0935/5054/3180/files/4-Coussin_Lombaire_Ergonomique_Soya_img3.webp?v=1760852761&width=600	https://cdn.shopify.com/s/files/1/0935/5054/3180/files/4-Coussin_Lombaire_Ergonomique_Soya_img3.webp?v=1760852761
lomb_03_4_dc2e6161-802a-4c42-a1d6-b9a0a02ce466.png	https://cdn.shopify.com/s/files/1/0935/5054/3180/files/4_dc2e6161-802a-4c42-a1d6-b9a0a02ce466.png?v=1765019287&width=600	https://cdn.shopify.com/s/files/1/0935/5054/3180/files/4_dc2e6161-802a-4c42-a1d6-b9a0a02ce466.png?v=1765019287
lomb_04_3_9225ca02-f60c-47d3-b26c-49df6ebba454.png	https://cdn.shopify.com/s/files/1/0935/5054/3180/files/3_9225ca02-f60c-47d3-b26c-49df6ebba454.png?v=1765019287&width=600	https://cdn.shopify.com/s/files/1/0935/5054/3180/files/3_9225ca02-f60c-47d3-b26c-49df6ebba454.png?v=1765019287