img_extra/masq_00.png	https://cdn.shopify.com/s/files/1/0935/5054/3180/files/lisse.png?v=1782824869	200 493085
img_extra/masq_01.webp	https://cdn.shopify.com/s/files/1/0935/5054/3180/files/15-Masque_de_Sommeil_en_Soie_Naturelle_img2.webp?v=1760852773	200 43788
img_extra/masq_02.png	https://cdn.shopify.com/s/files/1/0935/5054/3180/files/63.png?v=1760852776	200 339980
img_extra/siege_00.webp	https://cdn.shopify.com/s/files/1/0935/5054/3180/files/7-Ensemble_de_Coussins_de_siege_Orthopediques_couverture_HD.webp?v=1760852768	200 42830
img_extra/siege_01.webp	https://cdn.shopify.com/s/files/1/0935/5054/3180/files/7-Ensemble_de_Coussins_de_siege_Orthopediques_img2.webp?v=1760852767	200 23215
img_extra/siege_02.webp	https://cdn.shopify.com/s/files/1/0935/5054/3180/files/7-Ensemble_de_Coussins_de_siege_Orthopediques_img3.webp?v=1760852767	200 27285
img_extra/siege_03.webp	https://cdn.shopify.com/s/files/1/0935/5054/3180/files/7-Ensemble_de_Coussins_de_siege_Orthopediques_img4.webp?v=1760852769	200 56732
img_extra/regl2_00.webp	https://cdn.shopify.com/s/files/1/0935/5054/3180/files/14-Ensemble_Oreillers_Reglables_couverture_HD.webp?v=1760852766	200 45054
img_extra/regl2_01.webp	https://cdn.shopify.com/s/files/1/0935/5054/3180/files/14-Ensemble_Oreillers_Reglables_img2.webp?v=1760852765	200 38321
img_extra/regl2_02.webp	https://cdn.shopify.com/s/files/1/0935/5054/3180/files/14-Ensemble_Oreillers_Reglables_img3.webp?v=1760852765	200 30256
img_extra/couv_00.webp	https://cdn.shopify.com/s/files/1/0935/5054/3180/files/12-Couverture_Lestee_Therapeutique_couverture_HD.webp?v=1760852763	200 40640
img_extra/couv_01.webp	https://cdn.shopify.com/s/files/1/0935/5054/3180/files/12-Couverture_Lestee_Therapeutique_IMG2webp.webp?v=1760852762	200 47974
img_extra/couv_02.webp	https://cdn.shopify.com/s/files/1/0935/5054/3180/files/12-Couverture_Lestee_Therapeutique_img3.webp?v=1760852762	200 82761
img_extra/tete_00.webp	https://cdn.shopify.com/s/files/1/0935/5054/3180/files/13-Coussin_Ergonomique_avec_Tete_de_Lit_couverture_HD.webp?v=1760852760	200 42863
img_extra/tete_01.webp	https://cdn.shopify.com/s/files/1/0935/5054/3180/files/13-Coussin_Ergonomique_avec_Tete_de_Lit_img2.webp?v=1760852759	200 42370
img_extra/tete_02.webp	https://cdn.shopify.com/s/files/1/0935/5054/3180/files/13-Coussin_Ergonomique_avec_Tete_de_Lit_img3.webp?v=1760852760	200 58001
